,ImageViewed URL (please copy Column C in the next tab),Image,Task1Naming,Task1Meaning,Task1 Ground Truth,Category,,
0,https://web.cse.ohio-state.edu/~chen.8028/Teaching/2023Lab5Data/1D.png,,absolute chart,compare positive/negative impact,Horizon Graph,1,,
1,https://web.cse.ohio-state.edu/~chen.8028/Teaching/2023Lab5Data/1B.png,,area chart,,Stacked Graph,1,,
2,https://web.cse.ohio-state.edu/~chen.8028/Teaching/2023Lab5Data/3D.1.png,,Area Chart,Dorling Cartogram/area chart,Dorling Cartogram/Area Chart,3,,
3,https://web.cse.ohio-state.edu/~chen.8028/Teaching/2023Lab5Data/4F.png,,Area Graph,treemap,Treemap Layout,4,,
4,https://web.cse.ohio-state.edu/~chen.8028/Teaching/2023Lab5Data/3B.png,,area map,,Choropleth Map,3,,
5,https://web.cse.ohio-state.edu/~chen.8028/Teaching/2023Lab5Data/1D.png,,area curve,,Horizon Graph,1,,
6,https://web.cse.ohio-state.edu/~chen.8028/Teaching/2023Lab5Data/4D.png,,Bar Chart,icicle tree,Icicle Tree,4,,
7,https://web.cse.ohio-state.edu/~chen.8028/Teaching/2023Lab5Data/4D.png,,Bar chart,icicle tree,Icicle Tree,4,,
8,https://web.cse.ohio-state.edu/~chen.8028/Teaching/2023Lab5Data/1C.png,,Bar Graph,,Small Multiples,1,,
9,https://web.cse.ohio-state.edu/~chen.8028/Teaching/2023Lab5Data/4C.png,,Bar Graph,,Indented Tree,4,,
10,https://web.cse.ohio-state.edu/~chen.8028/Teaching/2023Lab5Data/4D.png,,Bar Graph,,Icicle Tree,4,,
11,https://web.cse.ohio-state.edu/~chen.8028/Teaching/2023Lab5Data/2B.1.png,,Best fit line scatter plot,Q-Q plot,Q-Q plot,2,,
12,https://web.cse.ohio-state.edu/~chen.8028/Teaching/2023Lab5Data/4C.png,,Bullet point chart,Indented tree,Indented Tree,4,,
13,https://web.cse.ohio-state.edu/~chen.8028/Teaching/2023Lab5Data/2C.png,,Car data similarity matrix,Splom / scatterplot matrix,Splom / scatterplot matrix,2,,
14,https://web.cse.ohio-state.edu/~chen.8028/Teaching/2023Lab5Data/5A.png,,Categoried-web chart,force-directed layout,force-directed layout,5,,
15,https://web.cse.ohio-state.edu/~chen.8028/Teaching/2023Lab5Data/4G.png,,Cell chart,Nested circle,Nested Circles Tree,4,,
16,https://web.cse.ohio-state.edu/~chen.8028/Teaching/2023Lab5Data/4E.png,,Chaotic pie graph,sunburst,Sunburst Tree,4,,
17,https://web.cse.ohio-state.edu/~chen.8028/Teaching/2023Lab5Data/4B.png,,Circle chart,Radial node-link diagram / tree,Radial Cluster Diagram,4,,
18,https://web.cse.ohio-state.edu/~chen.8028/Teaching/2023Lab5Data/3D.1.png,,Circle Graph,,Dorling Cartogram/Area Chart,3,,
19,https://web.cse.ohio-state.edu/~chen.8028/Teaching/2023Lab5Data/4B.png,,Circular branch chart,polar coordinates node-link / tree,Radial Cluster Diagram,4,,
20,https://web.cse.ohio-state.edu/~chen.8028/Teaching/2023Lab5Data/4B.png,,Circular tree diagram,polar coordinates node-link / tree,Radial Cluster Diagram,4,,
21,https://web.cse.ohio-state.edu/~chen.8028/Teaching/2023Lab5Data/5C.png,,Comparison Grid,matrix view,matrix view,5,,
22,https://web.cse.ohio-state.edu/~chen.8028/Teaching/2023Lab5Data/2A.png,,Completion percentages Turkers Amazon's Mechanical Turk,,Stem-and-Leaf plot,2,,
23,https://web.cse.ohio-state.edu/~chen.8028/Teaching/2023Lab5Data/2B.1.png,,Complition Distribution,Q-Q Plot,Q-Q plot,2,,
24,https://web.cse.ohio-state.edu/~chen.8028/Teaching/2023Lab5Data/2B.1.png,,Complition Distribution,Q-Q Plot,Q-Q plot,2,,
25,https://web.cse.ohio-state.edu/~chen.8028/Teaching/2023Lab5Data/5A.png,,Connected Graph,Force-directed layout,force-directed layout,5,,
26,https://web.cse.ohio-state.edu/~chen.8028/Teaching/2023Lab5Data/5B.png,,Connection chart,arc diagram,arc diagram,5,,
27,https://web.cse.ohio-state.edu/~chen.8028/Teaching/2023Lab5Data/2B.1.png,,correlation map,,Q-Q plot,2,,
28,https://web.cse.ohio-state.edu/~chen.8028/Teaching/2023Lab5Data/1C.png,,Cumulative bar graph,small multiples,Small Multiples,1,,
29,https://web.cse.ohio-state.edu/~chen.8028/Teaching/2023Lab5Data/2B.1.png,,Data Plot,Q-Q plot,Q-Q plot,2,,
30,https://web.cse.ohio-state.edu/~chen.8028/Teaching/2023Lab5Data/4C.png,,data source,indent tree,Indented Tree,4,,
31,https://web.cse.ohio-state.edu/~chen.8028/Teaching/2023Lab5Data/3B.png,,Density Map,,Choropleth Map,3,,
32,https://web.cse.ohio-state.edu/~chen.8028/Teaching/2023Lab5Data/3A.png,,Distance travelled graph,flow map / mpa,flow map / mpa,3,,
33,https://web.cse.ohio-state.edu/~chen.8028/Teaching/2023Lab5Data/2A.png,,Distribution,stem-and-leaf plot,Stem-and-Leaf plot,2,,
34,https://web.cse.ohio-state.edu/~chen.8028/Teaching/2023Lab5Data/2C.png,,distribution map,relationship between two variables,Splom / scatterplot matrix,2,,
35,https://web.cse.ohio-state.edu/~chen.8028/Teaching/2023Lab5Data/3D.1.png,,dorling cartogram,percentage of population,Dorling Cartogram/Area Chart,3,,
36,https://web.cse.ohio-state.edu/~chen.8028/Teaching/2023Lab5Data/3D.1.png,,Dorling Cartogram,Dorling Cartogram/area chart,Dorling Cartogram/Area Chart,3,,
37,https://web.cse.ohio-state.edu/~chen.8028/Teaching/2023Lab5Data/2C.png,,dot graph,distribution of data,Splom / scatterplot matrix,2,,
38,https://web.cse.ohio-state.edu/~chen.8028/Teaching/2023Lab5Data/2C.png,,Dots best line fit,,Splom / scatterplot matrix,2,,
39,https://web.cse.ohio-state.edu/~chen.8028/Teaching/2023Lab5Data/4D.png,,Family Tree,icicle tree,Icicle Tree,4,,
40,https://web.cse.ohio-state.edu/~chen.8028/Teaching/2023Lab5Data/4C.png,,File Hierarchy,indent tree,Indented Tree,4,,
41,https://web.cse.ohio-state.edu/~chen.8028/Teaching/2023Lab5Data/4C.png,,File structure,Indented tree,Indented Tree,4,,
42,https://web.cse.ohio-state.edu/~chen.8028/Teaching/2023Lab5Data/4E.png,,Flare Chart,,Sunburst Tree,4,,
43,https://web.cse.ohio-state.edu/~chen.8028/Teaching/2023Lab5Data/4G.png,,flare sphere,nested circle,Nested Circles Tree,4,,
44,https://web.cse.ohio-state.edu/~chen.8028/Teaching/2023Lab5Data/4F.png,,Floor plan,Tree map,Treemap Layout,4,,
45,https://web.cse.ohio-state.edu/~chen.8028/Teaching/2023Lab5Data/3A.png,,Flow map,,flow map / mpa,3,,
46,https://web.cse.ohio-state.edu/~chen.8028/Teaching/2023Lab5Data/3A.png,,Flow Map,Flow Map,flow map / mpa,3,,
47,https://web.cse.ohio-state.edu/~chen.8028/Teaching/2023Lab5Data/3B.png,,Geologic heat map,Chloroploth Map,Choropleth Map,3,,
48,https://web.cse.ohio-state.edu/~chen.8028/Teaching/2023Lab5Data/5B.png,,Graph,Arc Diagram,arc diagram,5,,
49,https://web.cse.ohio-state.edu/~chen.8028/Teaching/2023Lab5Data/4G.png,,Grouping Map,,Nested Circles Tree,4,,
50,https://web.cse.ohio-state.edu/~chen.8028/Teaching/2023Lab5Data/3B.png,,heat map,,Choropleth Map,3,,
51,https://web.cse.ohio-state.edu/~chen.8028/Teaching/2023Lab5Data/3B.png,,Heat Map,choroploth map,Choropleth Map,3,,
52,https://web.cse.ohio-state.edu/~chen.8028/Teaching/2023Lab5Data/3B.png,,Heat Map,choropleth map,Choropleth Map,3,,
53,https://web.cse.ohio-state.edu/~chen.8028/Teaching/2023Lab5Data/1D.png,,Horizon Graph,,Horizon Graph,1,,
54,https://web.cse.ohio-state.edu/~chen.8028/Teaching/2023Lab5Data/1D.png,,Horizon Graph,Horizon,Horizon Graph,1,,
55,https://web.cse.ohio-state.edu/~chen.8028/Teaching/2023Lab5Data/4D.png,,incontinental layers,icicle tree,Icicle Tree,4,,
56,https://web.cse.ohio-state.edu/~chen.8028/Teaching/2023Lab5Data/1A.png,,index chart,visualize two variables,Index chart/line chart,1,,
57,https://web.cse.ohio-state.edu/~chen.8028/Teaching/2023Lab5Data/4A.png,,Inheritance diagram,Radial node-link diagram / tree,Node-link diagram / tree,4,,
58,https://web.cse.ohio-state.edu/~chen.8028/Teaching/2023Lab5Data/2A.png,,Leaf Node Graph,Stem and Leaf Plot,Stem-and-Leaf plot,2,,
59,https://web.cse.ohio-state.edu/~chen.8028/Teaching/2023Lab5Data/5B.png,,Les Miserables Character Interaction,,arc diagram,5,,
60,https://web.cse.ohio-state.edu/~chen.8028/Teaching/2023Lab5Data/5A.png,,les miserables character interaction force directed graph,force-directed layout,force-directed layout,5,,
61,https://web.cse.ohio-state.edu/~chen.8028/Teaching/2023Lab5Data/5C.png,,les miserables characters bar graph,matrix view,matrix view,5,,
62,https://web.cse.ohio-state.edu/~chen.8028/Teaching/2023Lab5Data/1C.png,,Line,Small Multiples,Small Multiples,1,,
63,https://web.cse.ohio-state.edu/~chen.8028/Teaching/2023Lab5Data/1B.png,,line chart,change of unemployment,Stacked Graph,1,,
64,https://web.cse.ohio-state.edu/~chen.8028/Teaching/2023Lab5Data/1A.png,,line chart,,Index chart/line chart,1,,
65,https://web.cse.ohio-state.edu/~chen.8028/Teaching/2023Lab5Data/1A.png,,line chart,observe trend,Index chart/line chart,1,,
66,https://web.cse.ohio-state.edu/~chen.8028/Teaching/2023Lab5Data/1A.png,,line chart,relationship between the two,Index chart/line chart,1,,
67,https://web.cse.ohio-state.edu/~chen.8028/Teaching/2023Lab5Data/1A.png,,line chart,,Index chart/line chart,1,,
68,https://web.cse.ohio-state.edu/~chen.8028/Teaching/2023Lab5Data/1A.png,,Line chart,Line chart,Index chart/line chart,1,,
69,https://web.cse.ohio-state.edu/~chen.8028/Teaching/2023Lab5Data/5B.png,,Line Correlation Chart,arc diagram,arc diagram,5,,
70,https://web.cse.ohio-state.edu/~chen.8028/Teaching/2023Lab5Data/2B.1.png,,Line Graph,,Q-Q plot,2,,
71,https://web.cse.ohio-state.edu/~chen.8028/Teaching/2023Lab5Data/1A.png,,Line Graph,Line chart,Index chart/line chart,1,,
72,https://web.cse.ohio-state.edu/~chen.8028/Teaching/2023Lab5Data/1A.png,,Line Graph,,Index chart/line chart,1,,
73,https://web.cse.ohio-state.edu/~chen.8028/Teaching/2023Lab5Data/2B.1.png,,Linear Graph,,Q-Q plot,2,,
74,https://web.cse.ohio-state.edu/~chen.8028/Teaching/2023Lab5Data/2B.1.png,,Linear Plot,,Q-Q plot,2,,
75,https://web.cse.ohio-state.edu/~chen.8028/Teaching/2023Lab5Data/3A.png,,Map,,flow map / mpa,3,,
76,https://web.cse.ohio-state.edu/~chen.8028/Teaching/2023Lab5Data/3B.png,,Map Chart,,Choropleth Map,3,,
77,https://web.cse.ohio-state.edu/~chen.8028/Teaching/2023Lab5Data/3C.1.png,,Map graph,Pie chart/ area chart,Graduated Symbol Map,3,,
78,https://web.cse.ohio-state.edu/~chen.8028/Teaching/2023Lab5Data/3C.1.png,,Obesity population map,,Graduated Symbol Map,3,,
79,https://web.cse.ohio-state.edu/~chen.8028/Teaching/2023Lab5Data/5C.png,,Matrix,Matrix view,matrix view,5,,
80,https://web.cse.ohio-state.edu/~chen.8028/Teaching/2023Lab5Data/5C.png,,Matrix Graph,matrix view,matrix view,5,,
81,https://web.cse.ohio-state.edu/~chen.8028/Teaching/2023Lab5Data/2A.png,,Mechanical Turk Participation Rates,stem-and-leaf plot,Stem-and-Leaf plot,2,,
82,https://web.cse.ohio-state.edu/~chen.8028/Teaching/2023Lab5Data/3C.1.png,,multiple pie chart,,Graduated Symbol Map,3,,
83,https://web.cse.ohio-state.edu/~chen.8028/Teaching/2023Lab5Data/3A.png,,Napoleans March,flow map / mpa,flow map / mpa,3,,
84,https://web.cse.ohio-state.edu/~chen.8028/Teaching/2023Lab5Data/3A.png,,Napoleons March on Moscow,flow map / mpa,flow map / mpa,3,,
85,https://web.cse.ohio-state.edu/~chen.8028/Teaching/2023Lab5Data/4B.png,,network graph,relationship,Radial Cluster Diagram,4,,
86,https://web.cse.ohio-state.edu/~chen.8028/Teaching/2023Lab5Data/2D.png,,neural network,conditional graph,parallel Coordinates,2,,
87,https://web.cse.ohio-state.edu/~chen.8028/Teaching/2023Lab5Data/2D.png,,neural network,i don't know,parallel Coordinates,2,,
88,https://web.cse.ohio-state.edu/~chen.8028/Teaching/2023Lab5Data/5A.png,,Nodal Analysis,Force-directed layout,force-directed layout,5,,
89,https://web.cse.ohio-state.edu/~chen.8028/Teaching/2023Lab5Data/5B.png,,Nodal Graph,arc diagram,arc diagram,5,,
90,https://web.cse.ohio-state.edu/~chen.8028/Teaching/2023Lab5Data/5A.png,,Node chart,,force-directed layout,5,,
91,https://web.cse.ohio-state.edu/~chen.8028/Teaching/2023Lab5Data/2A.png,,Number Graph,Stem and Leaf Plot,Stem-and-Leaf plot,2,,
92,https://web.cse.ohio-state.edu/~chen.8028/Teaching/2023Lab5Data/3C.1.png,,obesity,pie chart / area chart,Graduated Symbol Map,3,,
93,https://web.cse.ohio-state.edu/~chen.8028/Teaching/2023Lab5Data/3D.1.png,,Obesity United States,Dorling Cartogram/area chart,Dorling Cartogram/Area Chart,3,,
94,https://web.cse.ohio-state.edu/~chen.8028/Teaching/2023Lab5Data/3B.png,,Obesity Map,Choroploth Map,Choropleth Map,3,,
95,https://web.cse.ohio-state.edu/~chen.8028/Teaching/2023Lab5Data/3B.png,,Obesity Map,choroploth map,Choropleth Map,3,,
96,https://web.cse.ohio-state.edu/~chen.8028/Teaching/2023Lab5Data/3B.png,,Obesity per State,choroploth map,Choropleth Map,3,,
97,https://web.cse.ohio-state.edu/~chen.8028/Teaching/2023Lab5Data/3C.1.png,,Obesity percentages USA,pie chart / area chart,Graduated Symbol Map,3,,
98,https://web.cse.ohio-state.edu/~chen.8028/Teaching/2023Lab5Data/3D.1.png,,Obesity rates dot graph,area chart,Dorling Cartogram/Area Chart,3,,
99,https://web.cse.ohio-state.edu/~chen.8028/Teaching/2023Lab5Data/3D.1.png,,Obesity rates dot graph,area chart,Dorling Cartogram/Area Chart,3,,
100,https://web.cse.ohio-state.edu/~chen.8028/Teaching/2023Lab5Data/4E.png,,Organization parent child classes,,Sunburst Tree,4,,
101,https://web.cse.ohio-state.edu/~chen.8028/Teaching/2023Lab5Data/4C.png,,Packaged-list chart,indent tree,Indented Tree,4,,
102,https://web.cse.ohio-state.edu/~chen.8028/Teaching/2023Lab5Data/2D.png,,Parallel Coordinates,Parallel Coordinates,parallel Coordinates,2,,
103,https://web.cse.ohio-state.edu/~chen.8028/Teaching/2023Lab5Data/2D.png,,Parallel Coordinates Automobile Data,parallel Coordinates,parallel Coordinates,2,,
104,https://web.cse.ohio-state.edu/~chen.8028/Teaching/2023Lab5Data/2D.png,,parallel Coordinates Automobile Data,parallel Coordinates,parallel Coordinates,2,,
105,https://web.cse.ohio-state.edu/~chen.8028/Teaching/2023Lab5Data/2D.png,,Parallel Correlation,,parallel Coordinates,2,,
106,https://web.cse.ohio-state.edu/~chen.8028/Teaching/2023Lab5Data/4G.png,,Pie Circle,nested circle,Nested Circles Tree,4,,
107,https://web.cse.ohio-state.edu/~chen.8028/Teaching/2023Lab5Data/3C.1.png,,pie chart,show percentage,Graduated Symbol Map,3,,
108,https://web.cse.ohio-state.edu/~chen.8028/Teaching/2023Lab5Data/3C.1.png,,Pie Chart,,Graduated Symbol Map,3,,
109,https://web.cse.ohio-state.edu/~chen.8028/Teaching/2023Lab5Data/3C.1.png,,pie chart,percentage,Graduated Symbol Map,3,,
110,https://web.cse.ohio-state.edu/~chen.8028/Teaching/2023Lab5Data/3C.1.png,,pie chart,nested proportion,Graduated Symbol Map,3,,
111,https://web.cse.ohio-state.edu/~chen.8028/Teaching/2023Lab5Data/3C.1.png,,pie chart,visualize percentage,Graduated Symbol Map,3,,
112,https://web.cse.ohio-state.edu/~chen.8028/Teaching/2023Lab5Data/3C.1.png,,Pie Chart,,Graduated Symbol Map,3,,
113,https://web.cse.ohio-state.edu/~chen.8028/Teaching/2023Lab5Data/3C.1.png,,pie chart,,Graduated Symbol Map,3,,
114,https://web.cse.ohio-state.edu/~chen.8028/Teaching/2023Lab5Data/3C.1.png,,Pie chart,Pie chart/ area chart,Graduated Symbol Map,3,,
115,https://web.cse.ohio-state.edu/~chen.8028/Teaching/2023Lab5Data/4E.png,,Pie Chart Breakdown,sunburst,Sunburst Tree,4,,
116,https://web.cse.ohio-state.edu/~chen.8028/Teaching/2023Lab5Data/3C.1.png,,Pie Map,pie chart / area chart,Graduated Symbol Map,3,,
117,https://web.cse.ohio-state.edu/~chen.8028/Teaching/2023Lab5Data/4B.png,,pie tree,category,Radial Cluster Diagram,4,,
118,https://web.cse.ohio-state.edu/~chen.8028/Teaching/2023Lab5Data/2B.1.png,,Plot Chart,,Q-Q plot,2,,
119,https://web.cse.ohio-state.edu/~chen.8028/Teaching/2023Lab5Data/5B.png,,Plotted Co-occurrence,,arc diagram,5,,
120,https://web.cse.ohio-state.edu/~chen.8028/Teaching/2023Lab5Data/1A.png,,Plotted Line Graph,,Index chart/line chart,1,,
121,https://web.cse.ohio-state.edu/~chen.8028/Teaching/2023Lab5Data/3B.png,,Population map,,Choropleth Map,3,,
122,https://web.cse.ohio-state.edu/~chen.8028/Teaching/2023Lab5Data/3B.png,,population map,,Choropleth Map,3,,
123,https://web.cse.ohio-state.edu/~chen.8028/Teaching/2023Lab5Data/3B.png,,population map,,Choropleth Map,3,,
124,https://web.cse.ohio-state.edu/~chen.8028/Teaching/2023Lab5Data/1B.png,,Portion Chart,,Stacked Graph,1,,
125,https://web.cse.ohio-state.edu/~chen.8028/Teaching/2023Lab5Data/2C.png,,Probablity Matrix,Scatter Plot Matrix,Splom / scatterplot matrix,2,,
126,https://web.cse.ohio-state.edu/~chen.8028/Teaching/2023Lab5Data/2C.png,,Probablity Matrix,Scatter Plot Matrix,Splom / scatterplot matrix,2,,
127,https://web.cse.ohio-state.edu/~chen.8028/Teaching/2023Lab5Data/2B.1.png,,q-q plot,percentage of x vs y,Q-Q plot,2,,
128,https://web.cse.ohio-state.edu/~chen.8028/Teaching/2023Lab5Data/4E.png,,Radial Graph,Sunburst,Sunburst Tree,4,,
129,https://web.cse.ohio-state.edu/~chen.8028/Teaching/2023Lab5Data/4B.png,,Radial Tree,Radial node-link diagram / tree,Radial Cluster Diagram,4,,
130,https://web.cse.ohio-state.edu/~chen.8028/Teaching/2023Lab5Data/1D.png,,Rates unumployment graph,Horizon,Horizon Graph,1,,
131,https://web.cse.ohio-state.edu/~chen.8028/Teaching/2023Lab5Data/4G.png,,recursive circle,parent-child node,Nested Circles Tree,4,,
132,https://web.cse.ohio-state.edu/~chen.8028/Teaching/2023Lab5Data/4F.png,,recursive rectangle,showing category,Treemap Layout,4,,
133,https://web.cse.ohio-state.edu/~chen.8028/Teaching/2023Lab5Data/2B.1.png,,Regression Chart,,Q-Q plot,2,,
134,https://web.cse.ohio-state.edu/~chen.8028/Teaching/2023Lab5Data/5C.png,,Relation Chart,,matrix view,5,,
135,https://web.cse.ohio-state.edu/~chen.8028/Teaching/2023Lab5Data/4B.png,,Round Graph,,Radial Cluster Diagram,4,,
136,https://web.cse.ohio-state.edu/~chen.8028/Teaching/2023Lab5Data/2C.png,,scatter plot,relationship btw two variable,Splom / scatterplot matrix,2,,
137,https://web.cse.ohio-state.edu/~chen.8028/Teaching/2023Lab5Data/2C.png,,scatter plot,,Splom / scatterplot matrix,2,,
138,https://web.cse.ohio-state.edu/~chen.8028/Teaching/2023Lab5Data/2C.png,,scatter plot,,Splom / scatterplot matrix,2,,
139,https://web.cse.ohio-state.edu/~chen.8028/Teaching/2023Lab5Data/2C.png,,scatter plot,scatter data,Splom / scatterplot matrix,2,,
140,https://web.cse.ohio-state.edu/~chen.8028/Teaching/2023Lab5Data/2C.png,,Scatter Plot,,Splom / scatterplot matrix,2,,
141,https://web.cse.ohio-state.edu/~chen.8028/Teaching/2023Lab5Data/2C.png,,Scatter Plot,,Splom / scatterplot matrix,2,,
142,https://web.cse.ohio-state.edu/~chen.8028/Teaching/2023Lab5Data/2C.png,,scatter plot,,Splom / scatterplot matrix,2,,
143,https://web.cse.ohio-state.edu/~chen.8028/Teaching/2023Lab5Data/2C.png,,Scatter Plot,Scatter Plot Matrix,Splom / scatterplot matrix,2,,
144,https://web.cse.ohio-state.edu/~chen.8028/Teaching/2023Lab5Data/2C.png,,Scatter Plot,,Splom / scatterplot matrix,2,,
145,https://web.cse.ohio-state.edu/~chen.8028/Teaching/2023Lab5Data/2C.png,,Scatter plot,Scatter Plot Matrix,Splom / scatterplot matrix,2,,
146,https://web.cse.ohio-state.edu/~chen.8028/Teaching/2023Lab5Data/2B.1.png,,Scatter plot,Q-Q plot,Q-Q plot,2,,
147,https://web.cse.ohio-state.edu/~chen.8028/Teaching/2023Lab5Data/2C.png,,Scatter Plot Matrix,Splom / scatterplot matrix,Splom / scatterplot matrix,2,,
148,https://web.cse.ohio-state.edu/~chen.8028/Teaching/2023Lab5Data/2C.png,,Scatter Plot Matrix Automobile Data,Splom / scatterplot matrix,Splom / scatterplot matrix,2,,
149,https://web.cse.ohio-state.edu/~chen.8028/Teaching/2023Lab5Data/4F.png,,Similarity chart,treemap,Treemap Layout,4,,
150,https://web.cse.ohio-state.edu/~chen.8028/Teaching/2023Lab5Data/4F.png,,Similarity chart,treemap,Treemap Layout,4,,
151,https://web.cse.ohio-state.edu/~chen.8028/Teaching/2023Lab5Data/4G.png,,Similarity circle chart,nested circle,Nested Circles Tree,4,,
152,https://web.cse.ohio-state.edu/~chen.8028/Teaching/2023Lab5Data/5C.png,,Some sort matrix,Matrix view,matrix view,5,,
153,https://web.cse.ohio-state.edu/~chen.8028/Teaching/2023Lab5Data/1B.png,,Stacked Graph,,Stacked Graph,1,,
154,https://web.cse.ohio-state.edu/~chen.8028/Teaching/2023Lab5Data/1B.png,,Stacked graph,Stacked graph,Stacked Graph,1,,
155,https://web.cse.ohio-state.edu/~chen.8028/Teaching/2023Lab5Data/1B.png,,Stacked Graph Unemployed U.S. Workers Industry,stacked graph,Stacked Graph,1,,
156,https://web.cse.ohio-state.edu/~chen.8028/Teaching/2023Lab5Data/1B.png,,stacked line chart,,Stacked Graph,1,,
157,https://web.cse.ohio-state.edu/~chen.8028/Teaching/2023Lab5Data/2A.png,,Stem-and-Leaf,,Stem-and-Leaf plot,2,,
158,https://web.cse.ohio-state.edu/~chen.8028/Teaching/2023Lab5Data/2A.png,,Stem-and-Leaf Graph,,Stem-and-Leaf plot,2,,
159,https://web.cse.ohio-state.edu/~chen.8028/Teaching/2023Lab5Data/2A.png,,Stem-and-Leaf Plot,stem-and-leaf plot,Stem-and-Leaf plot,2,,
160,https://web.cse.ohio-state.edu/~chen.8028/Teaching/2023Lab5Data/1A.png,,Stock Analysis,line,Index chart/line chart,1,,
161,https://web.cse.ohio-state.edu/~chen.8028/Teaching/2023Lab5Data/1A.png,,Stock gain line chart,Index chart/line chart,Index chart/line chart,1,,
162,https://web.cse.ohio-state.edu/~chen.8028/Teaching/2023Lab5Data/1A.png,,Stock Graph,Index Graph,Index chart/line chart,1,,
163,https://web.cse.ohio-state.edu/~chen.8028/Teaching/2023Lab5Data/1A.png,,Stock Growth,Index Graph,Index chart/line chart,1,,
164,https://web.cse.ohio-state.edu/~chen.8028/Teaching/2023Lab5Data/1A.png,,Stock Growth,Index Graph,Index chart/line chart,1,,
165,https://web.cse.ohio-state.edu/~chen.8028/Teaching/2023Lab5Data/1A.png,,Stock Market Graph,Line chart,Index chart/line chart,1,,
166,https://web.cse.ohio-state.edu/~chen.8028/Teaching/2023Lab5Data/4A.png,,Straight chart,Tree,Node-link diagram / tree,4,,
167,https://web.cse.ohio-state.edu/~chen.8028/Teaching/2023Lab5Data/4E.png,,Sun flare,Sunburst,Sunburst Tree,4,,
168,https://web.cse.ohio-state.edu/~chen.8028/Teaching/2023Lab5Data/3C.1.png,,Symbol Map,pie chart / area chart,Graduated Symbol Map,3,,
169,https://web.cse.ohio-state.edu/~chen.8028/Teaching/2023Lab5Data/1A.png,,Technology Stocks,Index chart/line chart,Index chart/line chart,1,,
170,https://web.cse.ohio-state.edu/~chen.8028/Teaching/2023Lab5Data/1C.png,,Time Graph,,Small Multiples,1,,
171,https://web.cse.ohio-state.edu/~chen.8028/Teaching/2023Lab5Data/4A.png,,Tree,Tree,Node-link diagram / tree,4,,
172,https://web.cse.ohio-state.edu/~chen.8028/Teaching/2023Lab5Data/4A.png,,Tree,Radial node-link diagram / tree,Node-link diagram / tree,4,,
173,https://web.cse.ohio-state.edu/~chen.8028/Teaching/2023Lab5Data/4A.png,,tree,category,Node-link diagram / tree,4,,
174,https://web.cse.ohio-state.edu/~chen.8028/Teaching/2023Lab5Data/4A.png,,tree,tree,Node-link diagram / tree,4,,
175,https://web.cse.ohio-state.edu/~chen.8028/Teaching/2023Lab5Data/4C.png,,Tree,,Indented Tree,4,,
176,https://web.cse.ohio-state.edu/~chen.8028/Teaching/2023Lab5Data/4A.png,,Tree,,Node-link diagram / tree,4,,
177,https://web.cse.ohio-state.edu/~chen.8028/Teaching/2023Lab5Data/4A.png,,Tree diagram,Radial node-link diagram / tree,Node-link diagram / tree,4,,
178,https://web.cse.ohio-state.edu/~chen.8028/Teaching/2023Lab5Data/4A.png,,Tree diagram,Tree,Node-link diagram / tree,4,,
179,https://web.cse.ohio-state.edu/~chen.8028/Teaching/2023Lab5Data/4B.png,,Tree diagram,Radial node-link diagram / tree,Radial Cluster Diagram,4,,
180,https://web.cse.ohio-state.edu/~chen.8028/Teaching/2023Lab5Data/2B.1.png,,trend plot,,Q-Q plot,2,,
181,https://web.cse.ohio-state.edu/~chen.8028/Teaching/2023Lab5Data/1B.png,,Unemployment chart,stacked graph,Stacked Graph,1,,
182,https://web.cse.ohio-state.edu/~chen.8028/Teaching/2023Lab5Data/1B.png,,Unemployment rate,stacked graph,Stacked Graph,1,,
183,https://web.cse.ohio-state.edu/~chen.8028/Teaching/2023Lab5Data/1C.png,,Unemployment rate,Small Multiples,Small Multiples,1,,
184,https://web.cse.ohio-state.edu/~chen.8028/Teaching/2023Lab5Data/1C.png,,Unemployment Rate U.S. Workers Industry,small multiples,Small Multiples,1,,
185,https://web.cse.ohio-state.edu/~chen.8028/Teaching/2023Lab5Data/1D.png,,Unemployment rates time,horizon graph,Horizon Graph,1,,
186,https://web.cse.ohio-state.edu/~chen.8028/Teaching/2023Lab5Data/2B.1.png,,Uniform distribution comparison plot,Q-Q plot,Q-Q plot,2,,
187,https://web.cse.ohio-state.edu/~chen.8028/Teaching/2023Lab5Data/1D.png,,US Unemployment Rate,horizon graph,Horizon Graph,1,,
188,https://web.cse.ohio-state.edu/~chen.8028/Teaching/2023Lab5Data/3C.1.png,,USA Pie Chart,Pie Chart,Graduated Symbol Map,3,,
189,https://web.cse.ohio-state.edu/~chen.8028/Teaching/2023Lab5Data/4G.png,,Venn Diagram,,Nested Circles Tree,4,,
190,https://web.cse.ohio-state.edu/~chen.8028/Teaching/2023Lab5Data/4C.png,,Package tree,indent tree,Indented Tree,4,,
191,https://web.cse.ohio-state.edu/~chen.8028/Teaching/2023Lab5Data/2B.1.png,,Percentage graph,Q-Q plot,Q-Q plot,2,,
192,https://web.cse.ohio-state.edu/~chen.8028/Teaching/2023Lab5Data/5A.png,,Nodes graph,force-directed layout,force-directed layout,5,,
193,https://web.cse.ohio-state.edu/~chen.8028/Teaching/2023Lab5Data/4F.png,,Tree maps,treemap,Treemap Layout,4,,
194,https://web.cse.ohio-state.edu/~chen.8028/Teaching/2023Lab5Data/4D.png,,icicle graph,icicle tree,Icicle Tree,4,,
195,https://web.cse.ohio-state.edu/~chen.8028/Teaching/2023Lab5Data/2B.1.png,,Parallel Coordinates,Q-Q plot,Q-Q plot,2,,
196,https://web.cse.ohio-state.edu/~chen.8028/Teaching/2023Lab5Data/2D.png,,Linear graph,parallel Coordinates,parallel Coordinates,2,,
197,https://web.cse.ohio-state.edu/~chen.8028/Teaching/2023Lab5Data/2B.1.png,,Q-Q Plot,Q-Q plot,Q-Q plot,2,,
198,https://web.cse.ohio-state.edu/~chen.8028/Teaching/2023Lab5Data/1D.png,,Horizon Graph,horizon graph,Horizon Graph,1,,
199,https://web.cse.ohio-state.edu/~chen.8028/Teaching/2023Lab5Data/4D.png,,Icicle plot,icicle tree,Icicle Tree,4,,
200,https://web.cse.ohio-state.edu/~chen.8028/Teaching/2023Lab5Data/1A.png,,Line chart,Index chart/line chart,Index chart/line chart,1,,
201,https://web.cse.ohio-state.edu/~chen.8028/Teaching/2023Lab5Data/3C.1.png,,Heat map,pie chart / area chart,Graduated Symbol Map,3,,
202,https://web.cse.ohio-state.edu/~chen.8028/Teaching/2023Lab5Data/4G.png,,Module map,nested circle,Nested Circles Tree,4,,
203,https://web.cse.ohio-state.edu/~chen.8028/Teaching/2023Lab5Data/3B.png,,Heatmap,choroploth map,Choropleth Map,3,,
204,https://web.cse.ohio-state.edu/~chen.8028/Teaching/2023Lab5Data/4A.png,,Hierarchy,Radial node-link diagram / tree,Node-link diagram / tree,4,,
205,https://web.cse.ohio-state.edu/~chen.8028/Teaching/2023Lab5Data/1C.png,,Total counts unemployed person industry,small multiples,Small Multiples,1,,
206,https://web.cse.ohio-state.edu/~chen.8028/Teaching/2023Lab5Data/4B.png,,Flare package tree,polar coordinates node-link / tree,Radial Cluster Diagram,4,,
207,https://web.cse.ohio-state.edu/~chen.8028/Teaching/2023Lab5Data/4F.png,,Tree graph,treemap,Treemap Layout,4,,
208,https://web.cse.ohio-state.edu/~chen.8028/Teaching/2023Lab5Data/1B.png,,Line graph,stacked graph,Stacked Graph,1,,
209,https://web.cse.ohio-state.edu/~chen.8028/Teaching/2023Lab5Data/4B.png,,Tree,polar coordinates node-link / tree,Radial Cluster Diagram,4,,
210,https://web.cse.ohio-state.edu/~chen.8028/Teaching/2023Lab5Data/5A.png,,Scaled graph,force-directed layout,force-directed layout,5,,
211,https://web.cse.ohio-state.edu/~chen.8028/Teaching/2023Lab5Data/1B.png,,compound line,stacked graph,Stacked Graph,1,,
212,https://web.cse.ohio-state.edu/~chen.8028/Teaching/2023Lab5Data/1D.png,,density graph,horizon graph,Horizon Graph,1,,
213,https://web.cse.ohio-state.edu/~chen.8028/Teaching/2023Lab5Data/2D.png,,parallel coordinates plot,parallel Coordinates,parallel Coordinates,2,,
214,https://web.cse.ohio-state.edu/~chen.8028/Teaching/2023Lab5Data/4D.png,,heat map,icicle tree,Icicle Tree,4,,
215,https://web.cse.ohio-state.edu/~chen.8028/Teaching/2023Lab5Data/1B.png,,Stacked Density Plot,I dont know,Stacked Graph,1,,
216,https://web.cse.ohio-state.edu/~chen.8028/Teaching/2023Lab5Data/1A.png,,Line Plot,,Index chart/line chart,1,,
217,https://web.cse.ohio-state.edu/~chen.8028/Teaching/2023Lab5Data/1A.png,,Line Plot,Stock prices,Index chart/line chart,1,,
218,https://web.cse.ohio-state.edu/~chen.8028/Teaching/2023Lab5Data/3B.png,,Heatmap,Obesity levels by state,Choropleth Map,3,,
219,https://web.cse.ohio-state.edu/~chen.8028/Teaching/2023Lab5Data/4C.png,,file system diagram,indent tree,Indented Tree,4,,
220,https://web.cse.ohio-state.edu/~chen.8028/Teaching/2023Lab5Data/1A.png,,line plot,Index chart/line chart,Index chart/line chart,1,,
221,https://web.cse.ohio-state.edu/~chen.8028/Teaching/2023Lab5Data/4D.png,,block plot,icicle tree,Icicle Tree,4,,
222,https://web.cse.ohio-state.edu/~chen.8028/Teaching/2023Lab5Data/1D.png,,trend plot,horizon graph,Horizon Graph,1,,
223,https://web.cse.ohio-state.edu/~chen.8028/Teaching/2023Lab5Data/2C.png,,scatter plots,Splom / scatterplot matrix,Splom / scatterplot matrix,2,,
224,https://web.cse.ohio-state.edu/~chen.8028/Teaching/2023Lab5Data/5A.png,,network graph,force-directed layout,force-directed layout,5,,
225,https://web.cse.ohio-state.edu/~chen.8028/Teaching/2023Lab5Data/3D.1.png,,sphere plot,Dorling Cartogram/area chart,Dorling Cartogram/Area Chart,3,,
226,https://web.cse.ohio-state.edu/~chen.8028/Teaching/2023Lab5Data/2B.1.png,,Point Scatter plot,Q-Q plot,Q-Q plot,2,,
227,https://web.cse.ohio-state.edu/~chen.8028/Teaching/2023Lab5Data/3B.png,,Geo distribution plot,choroploth map,Choropleth Map,3,,
228,https://web.cse.ohio-state.edu/~chen.8028/Teaching/2023Lab5Data/1B.png,,multi line plot,stacked graph,Stacked Graph,1,,
229,https://web.cse.ohio-state.edu/~chen.8028/Teaching/2023Lab5Data/4B.png,,circular tree graph,polar coordinates node-link / tree,Radial Cluster Diagram,4,,
230,https://web.cse.ohio-state.edu/~chen.8028/Teaching/2023Lab5Data/4G.png,,circle plot,nested circle,Nested Circles Tree,4,,
231,https://web.cse.ohio-state.edu/~chen.8028/Teaching/2023Lab5Data/5B.png,,connection graph,arc diagram,arc diagram,5,,
232,https://web.cse.ohio-state.edu/~chen.8028/Teaching/2023Lab5Data/5C.png,,matrix plot,matrix view,matrix view,5,,
233,https://web.cse.ohio-state.edu/~chen.8028/Teaching/2023Lab5Data/3C.1.png,,pie chart,pie chart / area chart,Graduated Symbol Map,3,,
234,https://web.cse.ohio-state.edu/~chen.8028/Teaching/2023Lab5Data/3A.png,,map,flow map / mpa,flow map / mpa,3,,
235,https://web.cse.ohio-state.edu/~chen.8028/Teaching/2023Lab5Data/4E.png,,concentric figure,sunburst,Sunburst Tree,4,,
236,https://web.cse.ohio-state.edu/~chen.8028/Teaching/2023Lab5Data/4A.png,,tree,Radial node-link diagram / tree,Node-link diagram / tree,4,,
237,https://web.cse.ohio-state.edu/~chen.8028/Teaching/2023Lab5Data/1C.png,,trends,small multiples,Small Multiples,1,,
238,https://web.cse.ohio-state.edu/~chen.8028/Teaching/2023Lab5Data/4F.png,,area plot,treemap,Treemap Layout,4,,
239,https://web.cse.ohio-state.edu/~chen.8028/Teaching/2023Lab5Data/1A.png,,stock price graph,Index chart/line chart,Index chart/line chart,1,,
240,https://web.cse.ohio-state.edu/~chen.8028/Teaching/2023Lab5Data/3B.png,,heatmap,choroploth map,Choropleth Map,3,,
241,https://web.cse.ohio-state.edu/~chen.8028/Teaching/2023Lab5Data/3C.1.png,,pie chart,pie chart / area chart,Graduated Symbol Map,3,,
242,https://web.cse.ohio-state.edu/~chen.8028/Teaching/2023Lab5Data/2C.png,,scatterplot,Splom / scatterplot matrix,Splom / scatterplot matrix,2,,
243,https://web.cse.ohio-state.edu/~chen.8028/Teaching/2023Lab5Data/2D.png,,Mapping,parallel Coordinates,parallel Coordinates,2,,
244,https://web.cse.ohio-state.edu/~chen.8028/Teaching/2023Lab5Data/2A.png,,frequency chart,stem-and-leaf plot,Stem-and-Leaf plot,2,,
245,https://web.cse.ohio-state.edu/~chen.8028/Teaching/2023Lab5Data/1C.png,,time series plot,small multiples,Small Multiples,1,,
246,https://web.cse.ohio-state.edu/~chen.8028/Teaching/2023Lab5Data/2B.1.png,,scatterplot,Q-Q plot,Q-Q plot,2,,
247,https://web.cse.ohio-state.edu/~chen.8028/Teaching/2023Lab5Data/1A.png,,Variation stock with time,,Index chart/line chart,1,,
248,https://web.cse.ohio-state.edu/~chen.8028/Teaching/2023Lab5Data/1C.png,,Variation employment rate with profession,,Small Multiples,1,,
249,https://web.cse.ohio-state.edu/~chen.8028/Teaching/2023Lab5Data/1D.png,,Deviation from average unemployment rate,,Horizon Graph,1,,
250,https://web.cse.ohio-state.edu/~chen.8028/Teaching/2023Lab5Data/2A.png,,Participation Ranking,,Stem-and-Leaf plot,2,,
251,https://web.cse.ohio-state.edu/~chen.8028/Teaching/2023Lab5Data/2B.1.png,,Group completion trend,,Q-Q plot,2,,
252,https://web.cse.ohio-state.edu/~chen.8028/Teaching/2023Lab5Data/2C.png,,Car Data Country,,Splom / scatterplot matrix,2,,
253,https://web.cse.ohio-state.edu/~chen.8028/Teaching/2023Lab5Data/2D.png,,Data Car Characteristics,,parallel Coordinates,2,,
254,https://web.cse.ohio-state.edu/~chen.8028/Teaching/2023Lab5Data/3A.png,,Progression army time,,flow map / mpa,3,,
255,https://web.cse.ohio-state.edu/~chen.8028/Teaching/2023Lab5Data/3B.png,,Heat map obesity US,,Choropleth Map,3,,
256,https://web.cse.ohio-state.edu/~chen.8028/Teaching/2023Lab5Data/3C.1.png,,Obesity chart state,,Graduated Symbol Map,3,,
257,https://web.cse.ohio-state.edu/~chen.8028/Teaching/2023Lab5Data/3D.1.png,,Absolute Percentage Obesity,,Dorling Cartogram/Area Chart,3,,
258,https://web.cse.ohio-state.edu/~chen.8028/Teaching/2023Lab5Data/4E.png,,Sunburst Visualization Software Package Structure,,Sunburst Tree,4,,
259,https://web.cse.ohio-state.edu/~chen.8028/Teaching/2023Lab5Data/4F.png,,Treemap Visualization Software Package Structure,,Treemap Layout,4,,
260,https://web.cse.ohio-state.edu/~chen.8028/Teaching/2023Lab5Data/4G.png,,Circle Packing Visualization Software Package Structure,,Nested Circles Tree,4,,
261,https://web.cse.ohio-state.edu/~chen.8028/Teaching/2023Lab5Data/5A.png,,Force-Directed Graph Visualization Character Interactions,,force-directed layout,5,,
262,https://web.cse.ohio-state.edu/~chen.8028/Teaching/2023Lab5Data/5B.png,,Word Frequency co-occurance,,arc diagram,5,,
263,https://web.cse.ohio-state.edu/~chen.8028/Teaching/2023Lab5Data/5C.png,,Word Interaction Matrix,,matrix view,5,,
264,https://web.cse.ohio-state.edu/~chen.8028/Teaching/2023Lab5Data/1A.png,,Line chart depicting stock trends,,Index chart/line chart,1,,
265,https://web.cse.ohio-state.edu/~chen.8028/Teaching/2023Lab5Data/1B.png,,Unemployment across domains decade,,Stacked Graph,1,,
266,https://web.cse.ohio-state.edu/~chen.8028/Teaching/2023Lab5Data/1C.png,,Sectorwise unemployment trends,,Small Multiples,1,,
267,https://web.cse.ohio-state.edu/~chen.8028/Teaching/2023Lab5Data/1D.png,,National Unemployment annual average,,Horizon Graph,1,,
268,https://web.cse.ohio-state.edu/~chen.8028/Teaching/2023Lab5Data/2B.1.png,,Participation rates,,Q-Q plot,2,,
269,https://web.cse.ohio-state.edu/~chen.8028/Teaching/2023Lab5Data/1A.png,,Line Graph,Percent change in stock price,Index chart/line chart,1,,
270,https://web.cse.ohio-state.edu/~chen.8028/Teaching/2023Lab5Data/4E.png,,Pie Chart,Heirarchy / Tree,Sunburst Tree,4,,
271,https://web.cse.ohio-state.edu/~chen.8028/Teaching/2023Lab5Data/2A.png,,bar-heat map,Frequency of appearance of numbers,Stem-and-Leaf plot,2,,
272,https://web.cse.ohio-state.edu/~chen.8028/Teaching/2023Lab5Data/3A.png,,Marching chart,Path of military campaign,flow map / mpa,3,,
273,https://web.cse.ohio-state.edu/~chen.8028/Teaching/2023Lab5Data/1B.png,,Shaded Intersecting Line Chart,Various elements of the econ,Stacked Graph,1,,
274,https://web.cse.ohio-state.edu/~chen.8028/Teaching/2023Lab5Data/5B.png,,Heat connection map,Interactions of writers / relationships,arc diagram,5,,
275,https://web.cse.ohio-state.edu/~chen.8028/Teaching/2023Lab5Data/4D.png,,Breakdown,How much each is informed by each of its parts,Icicle Tree,4,,
276,https://web.cse.ohio-state.edu/~chen.8028/Teaching/2023Lab5Data/3C.1.png,,Area informed pie chart,Distributions based on geographic area,Graduated Symbol Map,3,,
277,https://web.cse.ohio-state.edu/~chen.8028/Teaching/2023Lab5Data/1C.png,,Set area graphs,Employment,Small Multiples,1,,
278,https://web.cse.ohio-state.edu/~chen.8028/Teaching/2023Lab5Data/4A.png,,Relational Model,Showing the different branches of flare,Node-link diagram / tree,4,,
279,https://web.cse.ohio-state.edu/~chen.8028/Teaching/2023Lab5Data/2D.png,,Loom / Weave,How number of cylinders relate to attributes of a car,parallel Coordinates,2,,
280,https://web.cse.ohio-state.edu/~chen.8028/Teaching/2023Lab5Data/2C.png,,Scatterplot,Each plot a comparison of 2 of the vars,Splom / scatterplot matrix,2,,
281,https://web.cse.ohio-state.edu/~chen.8028/Teaching/2023Lab5Data/1D.png,,Stocks,"Negative Red, Positive Blue",Horizon Graph,1,,
282,https://web.cse.ohio-state.edu/~chen.8028/Teaching/2023Lab5Data/4F.png,,Importance,More important things are bigger,Treemap Layout,4,,
283,https://web.cse.ohio-state.edu/~chen.8028/Teaching/2023Lab5Data/4G.png,,Venn Diagram,"Orange ones are data, larger circles are category",Nested Circles Tree,4,,
284,https://web.cse.ohio-state.edu/~chen.8028/Teaching/2023Lab5Data/3B.png,,Weight / Obesity,"Red is most dense, lighter / green is less",Choropleth Map,3,,
285,https://web.cse.ohio-state.edu/~chen.8028/Teaching/2023Lab5Data/4C.png,,Model Tree,Different storage for variables in a computer,Indented Tree,4,,
286,https://web.cse.ohio-state.edu/~chen.8028/Teaching/2023Lab5Data/5C.png,,Logic Puzzle,"Family tree, what people share similar traits",matrix view,5,,
287,https://web.cse.ohio-state.edu/~chen.8028/Teaching/2023Lab5Data/2A.png,,Cat and Whisker Plot,Represent data points from 0.1 to 10.0,Stem-and-Leaf plot,2,,
288,https://web.cse.ohio-state.edu/~chen.8028/Teaching/2023Lab5Data/2C.png,,Scatterplot,Different engines for cars based on country of production,Splom / scatterplot matrix,2,,
289,https://web.cse.ohio-state.edu/~chen.8028/Teaching/2023Lab5Data/1A.png,,Line Graph,How is one variable effected by the other over time,Index chart/line chart,1,,
290,https://web.cse.ohio-state.edu/~chen.8028/Teaching/2023Lab5Data/4B.png,,Tree,"Origin, branches off into different branches and leaves",Radial Cluster Diagram,4,,
291,https://web.cse.ohio-state.edu/~chen.8028/Teaching/2023Lab5Data/3D.1.png,,Area Graph,Larger circle more data points,Dorling Cartogram/Area Chart,3,,
292,https://web.cse.ohio-state.edu/~chen.8028/Teaching/2023Lab5Data/4E.png,,Circle Tree,"Origin, branches off into different branches and leaves",Sunburst Tree,4,,
293,https://web.cse.ohio-state.edu/~chen.8028/Teaching/2023Lab5Data/2A.png,,Dot Plot,Corresponding amount per number,Stem-and-Leaf plot,2,,
294,https://web.cse.ohio-state.edu/~chen.8028/Teaching/2023Lab5Data/3A.png,,Map distance,Temperature? Lat? Long?,flow map / mpa,3,,
295,https://web.cse.ohio-state.edu/~chen.8028/Teaching/2023Lab5Data/2B.1.png,,Scatterplot,Variables increase to the right and up,Q-Q plot,2,,
296,https://web.cse.ohio-state.edu/~chen.8028/Teaching/2023Lab5Data/3C.1.png,,Census / Demographic Data,Weight dist per weight,Graduated Symbol Map,3,,
297,https://web.cse.ohio-state.edu/~chen.8028/Teaching/2023Lab5Data/1C.png,,Bar Graph,"X axis time, y-axis relevance of industry",Small Multiples,1,,
298,https://web.cse.ohio-state.edu/~chen.8028/Teaching/2023Lab5Data/4A.png,,Logic Tree,Represent relationship between classes in a software program,Node-link diagram / tree,4,,
299,https://web.cse.ohio-state.edu/~chen.8028/Teaching/2023Lab5Data/2D.png,,Tree Graph,Maps relationships of certain components of a car to others,parallel Coordinates,2,,
300,https://web.cse.ohio-state.edu/~chen.8028/Teaching/2023Lab5Data/2C.png,,Multi-colinearity matrix,Plot relationships two variables at a time based on x or y axis,Splom / scatterplot matrix,2,,
301,https://web.cse.ohio-state.edu/~chen.8028/Teaching/2023Lab5Data/5B.png,,Lineage Plot,Maps descendants of certain people,arc diagram,5,,
302,https://web.cse.ohio-state.edu/~chen.8028/Teaching/2023Lab5Data/1D.png,,Line Graph and Histograph had a baby,"Blue means growth, red is in the negative",Horizon Graph,1,,
303,https://web.cse.ohio-state.edu/~chen.8028/Teaching/2023Lab5Data/4F.png,,Box Graph,"Each box represents a percentage, larger box is higher percentage",Treemap Layout,4,,
304,https://web.cse.ohio-state.edu/~chen.8028/Teaching/2023Lab5Data/4G.png,,tree graph,Each circle is a part/a component of the larger circle,Nested Circles Tree,4,,
305,https://web.cse.ohio-state.edu/~chen.8028/Teaching/2023Lab5Data/3B.png,,Map,Color is showning the percentage of some data,Choropleth Map,3,,
306,https://web.cse.ohio-state.edu/~chen.8028/Teaching/2023Lab5Data/1A.png,,Multiple line chart,It shows the change in stock prices over time,Index chart/line chart,1,,
307,https://web.cse.ohio-state.edu/~chen.8028/Teaching/2023Lab5Data/1B.png,,stacked line chart,Shows the proportion of categories across time,Stacked Graph,1,,
308,https://web.cse.ohio-state.edu/~chen.8028/Teaching/2023Lab5Data/3B.png,,Map,Obesity levels by state,Choropleth Map,3,,
309,https://web.cse.ohio-state.edu/~chen.8028/Teaching/2023Lab5Data/4F.png,,Tree Map,proportions of things in different categories,Treemap Layout,4,,
310,https://web.cse.ohio-state.edu/~chen.8028/Teaching/2023Lab5Data/1A.png,,Line charts,change in categories over time,Index chart/line chart,1,,
311,https://web.cse.ohio-state.edu/~chen.8028/Teaching/2023Lab5Data/2A.png,,Stem-and-leaf plot,A bunch of numbers,Stem-and-Leaf plot,2,,
312,https://web.cse.ohio-state.edu/~chen.8028/Teaching/2023Lab5Data/1A.png,,Technology stock chart,Index Chart,Index chart/line chart,1,,
313,https://web.cse.ohio-state.edu/~chen.8028/Teaching/2023Lab5Data/2B.1.png,,Mechanical Turk Participation Rates,Q-Q Plot,Q-Q plot,2,,
314,https://web.cse.ohio-state.edu/~chen.8028/Teaching/2023Lab5Data/3B.png,,Obesity map USA,Choropleth Map,Choropleth Map,3,,
315,https://web.cse.ohio-state.edu/~chen.8028/Teaching/2023Lab5Data/3D.1.png,,Obesity USA Dorling Carogram,Dorling Cartogram/Area Chart,Dorling Cartogram/Area Chart,3,,
316,https://web.cse.ohio-state.edu/~chen.8028/Teaching/2023Lab5Data/5B.png,,Interaction Les Miserables characters,Arc Diagram,arc diagram,5,,
317,https://web.cse.ohio-state.edu/~chen.8028/Teaching/2023Lab5Data/1A.png,,Index chart stocks,Index Chart,Index chart/line chart,1,,
318,https://web.cse.ohio-state.edu/~chen.8028/Teaching/2023Lab5Data/3C.1.png,,Graduated Symbol Map obesity,Pie Chart,Graduated Symbol Map,3,,
319,https://web.cse.ohio-state.edu/~chen.8028/Teaching/2023Lab5Data/2C.png,,Plot automobile data,Scatter Plot Matrix,Splom / scatterplot matrix,2,,
320,https://web.cse.ohio-state.edu/~chen.8028/Teaching/2023Lab5Data/1B.png,,Unemployment graph,Stacked Graph,Stacked Graph,1,,
321,https://web.cse.ohio-state.edu/~chen.8028/Teaching/2023Lab5Data/5A.png,,Interaction graph,Force directed layout,force-directed layout,5,,
322,https://web.cse.ohio-state.edu/~chen.8028/Teaching/2023Lab5Data/1C.png,,Unemployment rate US workers industry,Small Multiples,Small Multiples,1,,
323,https://web.cse.ohio-state.edu/~chen.8028/Teaching/2023Lab5Data/2A.png,,Stem and Leaf Plot Mechanical Turk Participation rates,Stem and Leaf Plot,Stem-and-Leaf plot,2,,
324,https://web.cse.ohio-state.edu/~chen.8028/Teaching/2023Lab5Data/2D.png,,Parallel Coordinates Automobile Data,Parallel Coordinates,parallel Coordinates,2,,
325,https://web.cse.ohio-state.edu/~chen.8028/Teaching/2023Lab5Data/1D.png,,Horizon Graph unemployment,Horizon Graph,Horizon Graph,1,,
326,https://web.cse.ohio-state.edu/~chen.8028/Teaching/2023Lab5Data/4G.png,,Hypertree,The Flare Package tree,Nested Circles Tree,4,,
327,https://web.cse.ohio-state.edu/~chen.8028/Teaching/2023Lab5Data/1B.png,,Stacked Graph,Unemployment,Stacked Graph,1,,
328,https://web.cse.ohio-state.edu/~chen.8028/Teaching/2023Lab5Data/2D.png,,Parallel plot diagram,Automobile Data,parallel Coordinates,2,,
329,https://web.cse.ohio-state.edu/~chen.8028/Teaching/2023Lab5Data/4A.png,,tree map,The Flare Package tree,Node-link diagram / tree,4,,
330,https://web.cse.ohio-state.edu/~chen.8028/Teaching/2023Lab5Data/1A.png,,Line Chart,Stock Increase,Index chart/line chart,1,,
331,https://web.cse.ohio-state.edu/~chen.8028/Teaching/2023Lab5Data/2A.png,,Stem-and-Leaf,Mechanical Turk Participation Rates,Stem-and-Leaf plot,2,,
332,https://web.cse.ohio-state.edu/~chen.8028/Teaching/2023Lab5Data/2C.png,,Scatter Plot,Automobile Data,Splom / scatterplot matrix,2,,
333,https://web.cse.ohio-state.edu/~chen.8028/Teaching/2023Lab5Data/2B.1.png,,Turker task group completion ,Mechanical Turk Participation Rates,Q-Q plot,2,,
334,https://web.cse.ohio-state.edu/~chen.8028/Teaching/2023Lab5Data/3B.png,,Obesity United States ,Obesity in the United States (1995 to 2008),Choropleth Map,3,,
335,https://web.cse.ohio-state.edu/~chen.8028/Teaching/2023Lab5Data/4B.png,,Radial trees ,The Flare Package tree,Radial Cluster Diagram,4,,
336,https://web.cse.ohio-state.edu/~chen.8028/Teaching/2023Lab5Data/1A.png,,Line graph,Stock Increase,Index chart/line chart,1,,
337,https://web.cse.ohio-state.edu/~chen.8028/Teaching/2023Lab5Data/1C.png,,Bar graph,Unemployment,Small Multiples,1,,
338,https://web.cse.ohio-state.edu/~chen.8028/Teaching/2023Lab5Data/2A.png,,Stem-and-Leaf,Mechanical Turk Participation Rates,Stem-and-Leaf plot,2,,
339,https://web.cse.ohio-state.edu/~chen.8028/Teaching/2023Lab5Data/2C.png,,Scatter Plot,Automobile Data,Splom / scatterplot matrix,2,,
340,https://web.cse.ohio-state.edu/~chen.8028/Teaching/2023Lab5Data/2D.png,,Neuro graph,Automobile Data,parallel Coordinates,2,,
341,https://web.cse.ohio-state.edu/~chen.8028/Teaching/2023Lab5Data/3B.png,,Obesity US,Obesity in the United States (1995 to 2008),Choropleth Map,3,,
342,https://web.cse.ohio-state.edu/~chen.8028/Teaching/2023Lab5Data/3D.1.png,,Circles,Obesity in the United States (1995 to 2008),Dorling Cartogram/Area Chart,3,,
343,https://web.cse.ohio-state.edu/~chen.8028/Teaching/2023Lab5Data/4B.png,,Tree,The Flare Package tree,Radial Cluster Diagram,4,,
344,https://web.cse.ohio-state.edu/~chen.8028/Teaching/2023Lab5Data/3C.1.png,,Circle Map,Obesity in the United States (1995 to 2008),Graduated Symbol Map,3,,
345,https://web.cse.ohio-state.edu/~chen.8028/Teaching/2023Lab5Data/4A.png,,Node Tree,The Flare Package tree,Node-link diagram / tree,4,,
346,https://web.cse.ohio-state.edu/~chen.8028/Teaching/2023Lab5Data/4C.png,,Tree,The Flare Package tree,Indented Tree,4,,
347,https://web.cse.ohio-state.edu/~chen.8028/Teaching/2023Lab5Data/4D.png,,Tree Levels,The Flare Package tree,Icicle Tree,4,,
348,https://web.cse.ohio-state.edu/~chen.8028/Teaching/2023Lab5Data/4F.png,,Square Tree,The Flare Package tree,Treemap Layout,4,,
349,https://web.cse.ohio-state.edu/~chen.8028/Teaching/2023Lab5Data/5A.png,,Node Tree,Les Misérables character interaction,force-directed layout,5,,
350,https://web.cse.ohio-state.edu/~chen.8028/Teaching/2023Lab5Data/1A.png,,Line Chart,Stock Increase,Index chart/line chart,1,,
351,https://web.cse.ohio-state.edu/~chen.8028/Teaching/2023Lab5Data/4E.png,,Cricles,The Flare Package tree,Sunburst Tree,4,,
352,https://web.cse.ohio-state.edu/~chen.8028/Teaching/2023Lab5Data/4G.png,,Cricles,The Flare Package tree,Nested Circles Tree,4,,
353,https://web.cse.ohio-state.edu/~chen.8028/Teaching/2023Lab5Data/1B.png,,Stock Plot,Unemployment,Stacked Graph,1,,
354,https://web.cse.ohio-state.edu/~chen.8028/Teaching/2023Lab5Data/2B.1.png,,Linear Algebra,Mechanical Turk Participation Rates,Q-Q plot,2,,
355,https://web.cse.ohio-state.edu/~chen.8028/Teaching/2023Lab5Data/3B.png,,Obesity US,Obesity in the United States (1995 to 2008),Choropleth Map,3,,
356,https://web.cse.ohio-state.edu/~chen.8028/Teaching/2023Lab5Data/2A.png,,Stem-and-Leaf graph,Mechanical Turk Participation Rates,Stem-and-Leaf plot,2,,
357,https://web.cse.ohio-state.edu/~chen.8028/Teaching/2023Lab5Data/2D.png,,Parallel Coordinates,Automobile Data,parallel Coordinates,2,,
358,https://web.cse.ohio-state.edu/~chen.8028/Teaching/2023Lab5Data/3D.1.png,,Circle Graph,Obesity in the United States (1995 to 2008),Dorling Cartogram/Area Chart,3,,
359,https://web.cse.ohio-state.edu/~chen.8028/Teaching/2023Lab5Data/4D.png,,Triangle Tree,The Flare Package tree,Icicle Tree,4,,
360,https://web.cse.ohio-state.edu/~chen.8028/Teaching/2023Lab5Data/1A.png,,Stock Trend chart,Stock increase,Index chart/line chart,1,,
361,https://web.cse.ohio-state.edu/~chen.8028/Teaching/2023Lab5Data/2A.png,,tree plot,Mechanical Turk Participation Rates,Stem-and-Leaf plot,2,,
362,https://web.cse.ohio-state.edu/~chen.8028/Teaching/2023Lab5Data/2C.png,,scatter plot,Automobile Data,Splom / scatterplot matrix,2,,
363,https://web.cse.ohio-state.edu/~chen.8028/Teaching/2023Lab5Data/2D.png,,parallel plot,Automobile Data,parallel Coordinates,2,,
364,https://web.cse.ohio-state.edu/~chen.8028/Teaching/2023Lab5Data/4A.png,,Tree,The Flare package tree,Node-link diagram / tree,4,,
365,https://web.cse.ohio-state.edu/~chen.8028/Teaching/2023Lab5Data/4C.png,,Json,The Flare package tree,Indented Tree,4,,
366,https://web.cse.ohio-state.edu/~chen.8028/Teaching/2023Lab5Data/4E.png,,Sector Tree,The Flare package tree,Sunburst Tree,4,,
367,https://web.cse.ohio-state.edu/~chen.8028/Teaching/2023Lab5Data/4F.png,,Block Tree,The Flare package tree,Treemap Layout,4,,
368,https://web.cse.ohio-state.edu/~chen.8028/Teaching/2023Lab5Data/4G.png,,Circle Tree,The Flare package tree,Nested Circles Tree,4,,
369,https://web.cse.ohio-state.edu/~chen.8028/Teaching/2023Lab5Data/5C.png,,Matrix,Les Misérables character interaction ,matrix view,5,,
370,https://web.cse.ohio-state.edu/~chen.8028/Teaching/2023Lab5Data/1A.png,,Line plot,Stock increase,Index chart/line chart,1,,
371,https://web.cse.ohio-state.edu/~chen.8028/Teaching/2023Lab5Data/1B.png,,Stack plot,Unemployment ,Stacked Graph,1,,
372,https://web.cse.ohio-state.edu/~chen.8028/Teaching/2023Lab5Data/2B.1.png,,Q-Q Plot,"Mechanical Turk Participation Rates
",Q-Q plot,2,,
373,https://web.cse.ohio-state.edu/~chen.8028/Teaching/2023Lab5Data/2C.png,,Scatter Plot Matrix,Automobile Data,Splom / scatterplot matrix,2,,
374,https://web.cse.ohio-state.edu/~chen.8028/Teaching/2023Lab5Data/3B.png,,Choropleth Map,Obesity in the United States (1995 to 2008),Choropleth Map,3,,
375,https://web.cse.ohio-state.edu/~chen.8028/Teaching/2023Lab5Data/3C.1.png,,Graduated Symbol Map,Obesity in the United States (1995 to 2008),Graduated Symbol Map,3,,
376,https://web.cse.ohio-state.edu/~chen.8028/Teaching/2023Lab5Data/3D.1.png,,Dorling Cartogram,Obesity in the United States (1995 to 2008),Dorling Cartogram/Area Chart,3,,
377,https://web.cse.ohio-state.edu/~chen.8028/Teaching/2023Lab5Data/4A.png,,Tree chart,The Flare package tree,Node-link diagram / tree,4,,
378,https://web.cse.ohio-state.edu/~chen.8028/Teaching/2023Lab5Data/4B.png,,Radial chart,The Flare package tree,Radial Cluster Diagram,4,,
379,https://web.cse.ohio-state.edu/~chen.8028/Teaching/2023Lab5Data/4F.png,,Treemap,The Flare package tree,Treemap Layout,4,,
380,https://web.cse.ohio-state.edu/~chen.8028/Teaching/2023Lab5Data/4G.png,,Circle ,The Flare package tree,Nested Circles Tree,4,,
381,https://web.cse.ohio-state.edu/~chen.8028/Teaching/2023Lab5Data/5A.png,,directed graph,Les Misérables character interaction ,force-directed layout,5,,
382,https://web.cse.ohio-state.edu/~chen.8028/Teaching/2023Lab5Data/5B.png,,Arc graph,Les Misérables character interaction ,arc diagram,5,,
383,https://web.cse.ohio-state.edu/~chen.8028/Teaching/2023Lab5Data/5C.png,,Matrix graph,Les Misérables character interaction ,matrix view,5,,
384,https://web.cse.ohio-state.edu/~chen.8028/Teaching/2023Lab5Data/1A.png,,Index Chart,Line Graph,Index chart/line chart,1,,
385,https://web.cse.ohio-state.edu/~chen.8028/Teaching/2023Lab5Data/1B.png,,Unemployed US Workers Industry,Stacked Graph,Stacked Graph,1,,
386,https://web.cse.ohio-state.edu/~chen.8028/Teaching/2023Lab5Data/1C.png,,"Unemployment Rate US workers 
industry","Don't know
(Guessed wave 
graph)",Small Multiples,1,,
387,https://web.cse.ohio-state.edu/~chen.8028/Teaching/2023Lab5Data/1D.png,,U.S. Unemployment Rate,Horizon Graph,Horizon Graph,1,,
388,https://web.cse.ohio-state.edu/~chen.8028/Teaching/2023Lab5Data/2A.png,,Mechanical Turk Participation rates,Stem and leaf plot,Stem-and-Leaf plot,2,,
389,https://web.cse.ohio-state.edu/~chen.8028/Teaching/2023Lab5Data/2B.1.png,,Mechanical Turk Participation rates,QQ Plot,Q-Q plot,2,,
390,https://web.cse.ohio-state.edu/~chen.8028/Teaching/2023Lab5Data/2C.png,,Automobile data,Scatter plots,Splom / scatterplot matrix,2,,
391,https://web.cse.ohio-state.edu/~chen.8028/Teaching/2023Lab5Data/2D.png,,Automobile data,Parallel Coordinates,parallel Coordinates,2,,
392,https://web.cse.ohio-state.edu/~chen.8028/Teaching/2023Lab5Data/3A.png,,Marching path data,"Flow Map of 
Napoleon's March
 on Moscow",flow map / mpa,3,,
393,https://web.cse.ohio-state.edu/~chen.8028/Teaching/2023Lab5Data/3B.png,,Obesity data,"Chropleth Map of 
Obesity in the US",Choropleth Map,3,,
394,https://web.cse.ohio-state.edu/~chen.8028/Teaching/2023Lab5Data/3C.1.png,,Obesity US,"Graduated Symbol 
map",Graduated Symbol Map,3,,
395,https://web.cse.ohio-state.edu/~chen.8028/Teaching/2023Lab5Data/3D.1.png,,Obesity Percentage USA State,Cartogram,Dorling Cartogram/Area Chart,3,,
396,https://web.cse.ohio-state.edu/~chen.8028/Teaching/2023Lab5Data/4A.png,,Flare package,Node-link tree,Node-link diagram / tree,4,,
397,https://web.cse.ohio-state.edu/~chen.8028/Teaching/2023Lab5Data/4B.png,,Variables Workflow Database Backend,Radial Cluster,Radial Cluster Diagram,4,,
398,https://web.cse.ohio-state.edu/~chen.8028/Teaching/2023Lab5Data/4C.png,,Flare Visualization Toolkit,Flare Package Tree,Indented Tree,4,,
399,https://web.cse.ohio-state.edu/~chen.8028/Teaching/2023Lab5Data/4D.png,,Database Workflow Visualization,Icicle Tree,Icicle Tree,4,,
400,https://web.cse.ohio-state.edu/~chen.8028/Teaching/2023Lab5Data/4E.png,,Selected Technology Stocks,Index Chart,Sunburst Tree,4,,
401,https://web.cse.ohio-state.edu/~chen.8028/Teaching/2023Lab5Data/4F.png,,Flare Package Tree,Flare Package Tree,Treemap Layout,4,,
402,https://web.cse.ohio-state.edu/~chen.8028/Teaching/2023Lab5Data/4G.png,,Flare tree,Bubble Chart,Nested Circles Tree,4,,
403,https://web.cse.ohio-state.edu/~chen.8028/Teaching/2023Lab5Data/5A.png,,Cluster Interactions,Le Miserables Force,force-directed layout,5,,
404,https://web.cse.ohio-state.edu/~chen.8028/Teaching/2023Lab5Data/5B.png,,"Character interactions 
Les Miserables",I Don't know,arc diagram,5,,
405,https://web.cse.ohio-state.edu/~chen.8028/Teaching/2023Lab5Data/5C.png,,"Character interactions 
Les Miserables",I don't know,matrix view,5,,
406,https://web.cse.ohio-state.edu/~chen.8028/Teaching/2023Lab5Data/1A.png,,Stock Gains/Losses,Multiple Line Chart,Index chart/line chart,1,,
407,https://web.cse.ohio-state.edu/~chen.8028/Teaching/2023Lab5Data/1B.png,,Unemployed U.S. Workers,Stacked Graph,Stacked Graph,1,,
408,https://web.cse.ohio-state.edu/~chen.8028/Teaching/2023Lab5Data/1C.png,,Unemployment Rate,Area Graph,Small Multiples,1,,
409,https://web.cse.ohio-state.edu/~chen.8028/Teaching/2023Lab5Data/1D.png,,"Horizon Graphs U.S. Unemployment 
Rate",Horizon Graphs,Horizon Graph,1,,
410,https://web.cse.ohio-state.edu/~chen.8028/Teaching/2023Lab5Data/2A.png,,Participation rate distribution,Stem and leaf plot,Stem-and-Leaf plot,2,,
411,https://web.cse.ohio-state.edu/~chen.8028/Teaching/2023Lab5Data/2B.1.png,,"Q-Q Plot Mechanical Turk Participation
Rates",Q-Q Plot,Q-Q plot,2,,
412,https://web.cse.ohio-state.edu/~chen.8028/Teaching/2023Lab5Data/2C.png,,Scatterplot Matrix Automobile Data,"Showcases a presence or lack linear correlation between the vairables of horsepower, weight, acceleration, displacement by various countries.",Splom / scatterplot matrix,2,,
413,https://web.cse.ohio-state.edu/~chen.8028/Teaching/2023Lab5Data/2D.png,,Parallel Coordinates Automobile Data,Parallel Coordinates,parallel Coordinates,2,,
414,https://web.cse.ohio-state.edu/~chen.8028/Teaching/2023Lab5Data/3A.png,,Flow map Napoleon's march Moscow,Flow Map,flow map / mpa,3,,
415,https://web.cse.ohio-state.edu/~chen.8028/Teaching/2023Lab5Data/3B.png,,Color coded maps obesity rates state time,Heatmap with slider for time,Choropleth Map,3,,
416,https://web.cse.ohio-state.edu/~chen.8028/Teaching/2023Lab5Data/3C.1.png,,Pie charts obesity rates state,"Shows the proportion of people who are normal, overweight, and obese in each state ",Graduated Symbol Map,3,,
417,https://web.cse.ohio-state.edu/~chen.8028/Teaching/2023Lab5Data/3D.1.png,,"Dorling Cartogram Obesity United
States",Dorling Cartogram,Dorling Cartogram/Area Chart,3,,
418,https://web.cse.ohio-state.edu/~chen.8028/Teaching/2023Lab5Data/4A.png,,"Flare package tree horizontal
layers",Tree with nodes,Node-link diagram / tree,4,,
419,https://web.cse.ohio-state.edu/~chen.8028/Teaching/2023Lab5Data/4B.png,,Flare Package Radial Layers,Node Tree,Radial Cluster Diagram,4,,
420,https://web.cse.ohio-state.edu/~chen.8028/Teaching/2023Lab5Data/4C.png,,Components flare package,Expanded view of nested tree,Indented Tree,4,,
421,https://web.cse.ohio-state.edu/~chen.8028/Teaching/2023Lab5Data/4D.png,,Flare package horizontal layers,Don't know,Icicle Tree,4,,
422,https://web.cse.ohio-state.edu/~chen.8028/Teaching/2023Lab5Data/4E.png,,Pie breakdown flare.vis.data,"Proportional Pie
Chart",Sunburst Tree,4,,
423,https://web.cse.ohio-state.edu/~chen.8028/Teaching/2023Lab5Data/4F.png,,Flare package sub-divided rectangles,Don't know,Treemap Layout,4,,
424,https://web.cse.ohio-state.edu/~chen.8028/Teaching/2023Lab5Data/4G.png,,"Flare package 
Recursively packed circles",Recursive Circles,Nested Circles Tree,4,,
425,https://web.cse.ohio-state.edu/~chen.8028/Teaching/2023Lab5Data/5A.png,,"Force directed graph character 
interaction Les Miserables","Force Dirtected 
Graph",force-directed layout,5,,
426,https://web.cse.ohio-state.edu/~chen.8028/Teaching/2023Lab5Data/5B.png,,"Appearances characters Les 
Miserables",Don't know,arc diagram,5,,
427,https://web.cse.ohio-state.edu/~chen.8028/Teaching/2023Lab5Data/5C.png,,Character Interactions in Les Miserables,Interaction Matrix,matrix view,5,,
428,https://web.cse.ohio-state.edu/~chen.8028/Teaching/2023Lab5Data/1A.png,,Line Chart,Stock Price Plot ,Index chart/line chart,1,,
429,https://web.cse.ohio-state.edu/~chen.8028/Teaching/2023Lab5Data/1B.png,,Stacked Graph,Unemployed US workers Stacked Graph,Stacked Graph,1,,
430,https://web.cse.ohio-state.edu/~chen.8028/Teaching/2023Lab5Data/1C.png,,Hisgrams,Multiple hisgram of Unemployment Ratio,Small Multiples,1,,
431,https://web.cse.ohio-state.edu/~chen.8028/Teaching/2023Lab5Data/1D.png,,horizon graph,US unemployment rate horizon graphs,Horizon Graph,1,,
432,https://web.cse.ohio-state.edu/~chen.8028/Teaching/2023Lab5Data/2A.png,,Table,mTurk participation rates,Stem-and-Leaf plot,2,,
433,https://web.cse.ohio-state.edu/~chen.8028/Teaching/2023Lab5Data/2B.1.png,,Line Chart,mTurk Participation Ratio ,Q-Q plot,2,,
434,https://web.cse.ohio-state.edu/~chen.8028/Teaching/2023Lab5Data/2C.png,,Scatterplots,Automobile parameter scatter plots,Splom / scatterplot matrix,2,,
435,https://web.cse.ohio-state.edu/~chen.8028/Teaching/2023Lab5Data/3A.png,,Map,Map of river on Moscow,flow map / mpa,3,,
436,https://web.cse.ohio-state.edu/~chen.8028/Teaching/2023Lab5Data/3B.png,,Map,Map of Obesity in US by states,Choropleth Map,3,,
437,https://web.cse.ohio-state.edu/~chen.8028/Teaching/2023Lab5Data/3C.1.png,,Pie Chart on Map,Map of obesity in US states with detailed categorization,Graduated Symbol Map,3,,
438,https://web.cse.ohio-state.edu/~chen.8028/Teaching/2023Lab5Data/3D.1.png,,Scatter Plot,Obesity in US states shown in dot plot,Dorling Cartogram/Area Chart,3,,
439,https://web.cse.ohio-state.edu/~chen.8028/Teaching/2023Lab5Data/4A.png,,B Tree ,I don't know,Node-link diagram / tree,4,,
440,https://web.cse.ohio-state.edu/~chen.8028/Teaching/2023Lab5Data/1C.png,,industry-wise employment trends,small multiples,Small Multiples,1,,
441,https://web.cse.ohio-state.edu/~chen.8028/Teaching/2023Lab5Data/2B.1.png,,mechanical turk task group completion quantile chart,quantile chart,Q-Q plot,2,,
442,https://web.cse.ohio-state.edu/~chen.8028/Teaching/2023Lab5Data/1A.png,,index chart of selected tecgnology stocks,index chart,Index chart/line chart,1,,
443,https://web.cse.ohio-state.edu/~chen.8028/Teaching/2023Lab5Data/1B.png,,industry-based stacked graph unemployed US workers,stacked graph,Stacked Graph,1,,
444,https://web.cse.ohio-state.edu/~chen.8028/Teaching/2023Lab5Data/3A.png,,Napoleon's invasion route map,route map,flow map / mpa,3,,
445,https://web.cse.ohio-state.edu/~chen.8028/Teaching/2023Lab5Data/3B.png,,Obesity Heatmap US,Heatmap ,Choropleth Map,3,,
446,https://web.cse.ohio-state.edu/~chen.8028/Teaching/2023Lab5Data/1D.png,,unemployment rate,idk,Horizon Graph,1,,
447,https://web.cse.ohio-state.edu/~chen.8028/Teaching/2023Lab5Data/1A.png,,stocks trend,index graph,Index chart/line chart,1,,
448,https://web.cse.ohio-state.edu/~chen.8028/Teaching/2023Lab5Data/4C.png,,package source map,layer tree ,Indented Tree,4,,
449,https://web.cse.ohio-state.edu/~chen.8028/Teaching/2023Lab5Data/2B.1.png,,turkers' task completion QQ plot,QQ plot,Q-Q plot,2,,
450,https://web.cse.ohio-state.edu/~chen.8028/Teaching/2023Lab5Data/5C.png,,character relationship,matrix,matrix view,5,,
451,https://web.cse.ohio-state.edu/~chen.8028/Teaching/2023Lab5Data/1D.png,,unemployment rate,idk,Horizon Graph,1,,
452,https://web.cse.ohio-state.edu/~chen.8028/Teaching/2023Lab5Data/3B.png,,US Obesity Trends Choropleth Map,Choropleth Map,Choropleth Map,3,,
453,https://web.cse.ohio-state.edu/~chen.8028/Teaching/2023Lab5Data/3D.1.png,,U.S. obesity area chart,area chart,Dorling Cartogram/Area Chart,3,,
454,https://web.cse.ohio-state.edu/~chen.8028/Teaching/2023Lab5Data/2A.png,,turk participation rates,idk,Stem-and-Leaf plot,2,,
455,https://web.cse.ohio-state.edu/~chen.8028/Teaching/2023Lab5Data/2C.png,,automobile data,scatterplot,Splom / scatterplot matrix,2,,
456,https://web.cse.ohio-state.edu/~chen.8028/Teaching/2023Lab5Data/4G.png,,package relationship,hierarchies,Nested Circles Tree,4,,
457,https://web.cse.ohio-state.edu/~chen.8028/Teaching/2023Lab5Data/1A.png,,tech stock trends,line chart,Index chart/line chart,1,,
458,https://web.cse.ohio-state.edu/~chen.8028/Teaching/2023Lab5Data/3D.1.png,,obesity density chart,area chart,Dorling Cartogram/Area Chart,3,,
459,https://web.cse.ohio-state.edu/~chen.8028/Teaching/2023Lab5Data/2B.1.png,,mechanical turk participation distribution plot,distribution plot,Q-Q plot,2,,
460,https://web.cse.ohio-state.edu/~chen.8028/Teaching/2023Lab5Data/4B.png,,package inheritance relationship,idk,Radial Cluster Diagram,4,,
461,https://web.cse.ohio-state.edu/~chen.8028/Teaching/2023Lab5Data/3B.png,,US obesity,idk,Choropleth Map,3,,
462,https://web.cse.ohio-state.edu/~chen.8028/Teaching/2023Lab5Data/1C.png,,U.S. unemployment rates by sector,small multiples plot,Small Multiples,1,,
463,https://web.cse.ohio-state.edu/~chen.8028/Teaching/2023Lab5Data/3A.png,,flowchart Napoleon's march Moscow,flow chart ,flow map / mpa,3,,
464,https://web.cse.ohio-state.edu/~chen.8028/Teaching/2023Lab5Data/1D.png,,unemployment rate,Horizon Plot,Horizon Graph,1,,
465,https://web.cse.ohio-state.edu/~chen.8028/Teaching/2023Lab5Data/2C.png,,automobile data,scatterplot,Splom / scatterplot matrix,2,,
466,https://web.cse.ohio-state.edu/~chen.8028/Teaching/2023Lab5Data/4A.png,,organizational hierarchy,tree,Node-link diagram / tree,4,,
467,https://web.cse.ohio-state.edu/~chen.8028/Teaching/2023Lab5Data/4F.png,,package size,treemap,Treemap Layout,4,,
468,https://web.cse.ohio-state.edu/~chen.8028/Teaching/2023Lab5Data/1A.png,,selected tech stocks trend chart,line chart,Index chart/line chart,1,,
469,https://web.cse.ohio-state.edu/~chen.8028/Teaching/2023Lab5Data/2B.1.png,,quantile-quantile plot of mechanical turk participation,quantile-quantile plot,Q-Q plot,2,,
470,https://web.cse.ohio-state.edu/~chen.8028/Teaching/2023Lab5Data/1B.png,,layered unemployment graph: US workers sector,layered graph,Stacked Graph,1,,
471,https://web.cse.ohio-state.edu/~chen.8028/Teaching/2023Lab5Data/4G.png,,package nested relationship,nested circle,Nested Circles Tree,4,,
472,https://web.cse.ohio-state.edu/~chen.8028/Teaching/2023Lab5Data/1A.png,,Stock Graph,Sector stocks growth,Index chart/line chart,1,,
473,https://web.cse.ohio-state.edu/~chen.8028/Teaching/2023Lab5Data/3C.1.png,,State wise obesity pie chart,Pie charts,Graduated Symbol Map,3,,
474,https://web.cse.ohio-state.edu/~chen.8028/Teaching/2023Lab5Data/1D.png,,Horizon Graphs U.S. Unemployment Rate,Horizon Graphs,Horizon Graph,1,,
475,https://web.cse.ohio-state.edu/~chen.8028/Teaching/2023Lab5Data/1C.png,,Small Multiples Unemployed U.S. Workers Normalized Industry,Small multiples,Small Multiples,1,,
476,https://web.cse.ohio-state.edu/~chen.8028/Teaching/2023Lab5Data/1A.png,,Index Chart,Growth/Loss vs Time,Index chart/line chart,1,,
477,https://web.cse.ohio-state.edu/~chen.8028/Teaching/2023Lab5Data/1B.png,,Stacked Graph Unemployed U.S. Workers Industry,stacked graph,Stacked Graph,1,,
478,https://web.cse.ohio-state.edu/~chen.8028/Teaching/2023Lab5Data/2D.png,,parallel Coordinates Automobile Data,parallel Coordinates,parallel Coordinates,2,,
479,https://web.cse.ohio-state.edu/~chen.8028/Teaching/2023Lab5Data/1B.png,,Unemployment Rate U.S. Workers Industry,Line graph,Stacked Graph,1,,
480,https://web.cse.ohio-state.edu/~chen.8028/Teaching/2023Lab5Data/1B.png,,Unemployment graph,Stacked Graph,Stacked Graph,1,,
481,https://web.cse.ohio-state.edu/~chen.8028/Teaching/2023Lab5Data/1C.png,,small multiples,Unemployment rate of US workers by industry,Small Multiples,1,,
482,https://web.cse.ohio-state.edu/~chen.8028/Teaching/2023Lab5Data/1A.png,,Stock Index chart,Loss and gain Index chart,Index chart/line chart,1,,
483,https://web.cse.ohio-state.edu/~chen.8028/Teaching/2023Lab5Data/1D.png,,Horizon Graph unemployment,Horizon Graph,Horizon Graph,1,,
484,https://web.cse.ohio-state.edu/~chen.8028/Teaching/2023Lab5Data/2D.png,,Parallel Coordinates Automobile Data,Automobile data,parallel Coordinates,2,,
485,https://web.cse.ohio-state.edu/~chen.8028/Teaching/2023Lab5Data/2C.png,,Automobile Chart,Scatter Plot Matrix,Splom / scatterplot matrix,2,,
486,https://web.cse.ohio-state.edu/~chen.8028/Teaching/2023Lab5Data/3A.png,,flow map / mpa,Map ,flow map / mpa,3,,
487,https://web.cse.ohio-state.edu/~chen.8028/Teaching/2023Lab5Data/2A.png,,stem-and-leaf plot,Data representation in 0/1,Stem-and-Leaf plot,2,,
488,https://web.cse.ohio-state.edu/~chen.8028/Teaching/2023Lab5Data/3C.1.png,,pie chart / area chart,Area chart,Graduated Symbol Map,3,,
489,https://web.cse.ohio-state.edu/~chen.8028/Teaching/2023Lab5Data/2B.1.png,,Q-Q plot mechanical turk,Q-Q Plot,Q-Q plot,2,,
490,https://web.cse.ohio-state.edu/~chen.8028/Teaching/2023Lab5Data/3D.1.png,,Dorling Cartogram/area chart,Area chart,Dorling Cartogram/Area Chart,3,,
491,https://web.cse.ohio-state.edu/~chen.8028/Teaching/2023Lab5Data/3B.png,,choroploth map,colormap ,Choropleth Map,3,,
492,https://web.cse.ohio-state.edu/~chen.8028/Teaching/2023Lab5Data/5B.png,,arc diagram,word frequency ,arc diagram,5,,
493,https://web.cse.ohio-state.edu/~chen.8028/Teaching/2023Lab5Data/2B.1.png,,Q-plot,Distribution Plot,Q-Q plot,2,,
494,https://web.cse.ohio-state.edu/~chen.8028/Teaching/2023Lab5Data/3D.1.png,,Cartogram Obesity,Cartogram,Dorling Cartogram/Area Chart,3,,
495,https://web.cse.ohio-state.edu/~chen.8028/Teaching/2023Lab5Data/3B.png,,Chloropeth Map Obesity,Don't Know,Choropleth Map,3,,
496,https://web.cse.ohio-state.edu/~chen.8028/Teaching/2023Lab5Data/5C.png,,Les Miserables Character Bar Graph,Bar Graph,matrix view,5,,
497,https://web.cse.ohio-state.edu/~chen.8028/Teaching/2023Lab5Data/1A.png,,Technology Stocks Index,Scatterplot,Index chart/line chart,1,,
498,https://web.cse.ohio-state.edu/~chen.8028/Teaching/2023Lab5Data/3B.png,,Chloropeth Map Obesity,Chloropeth,Choropleth Map,3,,
499,https://web.cse.ohio-state.edu/~chen.8028/Teaching/2023Lab5Data/1D.png,,U.S. Unemployment Horizon Graph,Bar Graph,Horizon Graph,1,,
500,https://web.cse.ohio-state.edu/~chen.8028/Teaching/2023Lab5Data/3D.1.png,,Cartogram Obesity,Cartogram,Dorling Cartogram/Area Chart,3,,
501,https://web.cse.ohio-state.edu/~chen.8028/Teaching/2023Lab5Data/2A.png,,Mechanical Turk Participation Rates,Don't Know,Stem-and-Leaf plot,2,,
502,https://web.cse.ohio-state.edu/~chen.8028/Teaching/2023Lab5Data/4G.png,,Circles Layout Flare Package Hierarchy,Cartesian,Nested Circles Tree,4,,
503,https://web.cse.ohio-state.edu/~chen.8028/Teaching/2023Lab5Data/2C.png,,Scatterplots Automobile Data,Scatterplot,Splom / scatterplot matrix,2,,
504,https://web.cse.ohio-state.edu/~chen.8028/Teaching/2023Lab5Data/4B.png,,Node-link Diagram Flare Package Hierarchy,Don't Know,Radial Cluster Diagram,4,,
505,https://web.cse.ohio-state.edu/~chen.8028/Teaching/2023Lab5Data/4E.png,,Sunburst Flare Package Hierarchy,Sunburst,Sunburst Tree,4,,